bytes	etag	last_modified	storage_class	encryption	key	https_url
317	e0039599281c995cb4772f13227d5bca	2026-07-16T18:01:06+00:00	STANDARD	AES256	runs/diana-hrd/diana-wgs-hrd-20260716T033101Z/early-look/early-look-intersected-20260716T150517Z/artifacts/contamination/contamination_summary.json	https://diana-omics-results-172630973301-us-east-1.s3.us-east-1.amazonaws.com/runs/diana-hrd/diana-wgs-hrd-20260716T033101Z/early-look/early-look-intersected-20260716T150517Z/artifacts/contamination/contamination_summary.json
89	c10c7c24bf2f65541caf0dcb32bbb7ab	2026-07-16T18:01:06+00:00	STANDARD	AES256	runs/diana-hrd/diana-wgs-hrd-20260716T033101Z/early-look/early-look-intersected-20260716T150517Z/artifacts/contamination/contamination.table	https://diana-omics-results-172630973301-us-east-1.s3.us-east-1.amazonaws.com/runs/diana-hrd/diana-wgs-hrd-20260716T033101Z/early-look/early-look-intersected-20260716T150517Z/artifacts/contamination/contamination.table
209536164	4da08f59a606352b09cbc8a475c174ad-25	2026-07-16T18:01:06+00:00	STANDARD	AES256	runs/diana-hrd/diana-wgs-hrd-20260716T033101Z/early-look/early-look-intersected-20260716T150517Z/artifacts/contamination/normal.pileups.table	https://diana-omics-results-172630973301-us-east-1.s3.us-east-1.amazonaws.com/runs/diana-hrd/diana-wgs-hrd-20260716T033101Z/early-look/early-look-intersected-20260716T150517Z/artifacts/contamination/normal.pileups.table
15650723	e2b0dbaf9cd3ff9bc25866840aa3a9af-2	2026-07-16T18:01:06+00:00	STANDARD	AES256	runs/diana-hrd/diana-wgs-hrd-20260716T033101Z/early-look/early-look-intersected-20260716T150517Z/artifacts/contamination/shards/normal.chr1.pileups.table	https://diana-omics-results-172630973301-us-east-1.s3.us-east-1.amazonaws.com/runs/diana-hrd/diana-wgs-hrd-20260716T033101Z/early-look/early-look-intersected-20260716T150517Z/artifacts/contamination/shards/normal.chr1.pileups.table
10341826	36432764a6fb9fc7ec6d5adbf7f72dd5-2	2026-07-16T18:01:06+00:00	STANDARD	AES256	runs/diana-hrd/diana-wgs-hrd-20260716T033101Z/early-look/early-look-intersected-20260716T150517Z/artifacts/contamination/shards/normal.chr10.pileups.table	https://diana-omics-results-172630973301-us-east-1.s3.us-east-1.amazonaws.com/runs/diana-hrd/diana-wgs-hrd-20260716T033101Z/early-look/early-look-intersected-20260716T150517Z/artifacts/contamination/shards/normal.chr10.pileups.table
10010139	0d2d5d3bfa90bf3262cc7bbf4589b0f8-2	2026-07-16T18:01:06+00:00	STANDARD	AES256	runs/diana-hrd/diana-wgs-hrd-20260716T033101Z/early-look/early-look-intersected-20260716T150517Z/artifacts/contamination/shards/normal.chr11.pileups.table	https://diana-omics-results-172630973301-us-east-1.s3.us-east-1.amazonaws.com/runs/diana-hrd/diana-wgs-hrd-20260716T033101Z/early-look/early-look-intersected-20260716T150517Z/artifacts/contamination/shards/normal.chr11.pileups.table
9985894	fc17d1328e1fe2989b1b1336ab48d7ae-2	2026-07-16T18:01:06+00:00	STANDARD	AES256	runs/diana-hrd/diana-wgs-hrd-20260716T033101Z/early-look/early-look-intersected-20260716T150517Z/artifacts/contamination/shards/normal.chr12.pileups.table	https://diana-omics-results-172630973301-us-east-1.s3.us-east-1.amazonaws.com/runs/diana-hrd/diana-wgs-hrd-20260716T033101Z/early-look/early-look-intersected-20260716T150517Z/artifacts/contamination/shards/normal.chr12.pileups.table
7131446	3a031b45ccb1e95332ab1001c6c7b72d	2026-07-16T18:01:07+00:00	STANDARD	AES256	runs/diana-hrd/diana-wgs-hrd-20260716T033101Z/early-look/early-look-intersected-20260716T150517Z/artifacts/contamination/shards/normal.chr13.pileups.table	https://diana-omics-results-172630973301-us-east-1.s3.us-east-1.amazonaws.com/runs/diana-hrd/diana-wgs-hrd-20260716T033101Z/early-look/early-look-intersected-20260716T150517Z/artifacts/contamination/shards/normal.chr13.pileups.table
6848315	31b27a45fdc1eab08e5e20f4058e2948	2026-07-16T18:01:07+00:00	STANDARD	AES256	runs/diana-hrd/diana-wgs-hrd-20260716T033101Z/early-look/early-look-intersected-20260716T150517Z/artifacts/contamination/shards/normal.chr14.pileups.table	https://diana-omics-results-172630973301-us-east-1.s3.us-east-1.amazonaws.com/runs/diana-hrd/diana-wgs-hrd-20260716T033101Z/early-look/early-look-intersected-20260716T150517Z/artifacts/contamination/shards/normal.chr14.pileups.table
6191197	db6b36095a0bba906036da6fcfa02fba	2026-07-16T18:01:07+00:00	STANDARD	AES256	runs/diana-hrd/diana-wgs-hrd-20260716T033101Z/early-look/early-look-intersected-20260716T150517Z/artifacts/contamination/shards/normal.chr15.pileups.table	https://diana-omics-results-172630973301-us-east-1.s3.us-east-1.amazonaws.com/runs/diana-hrd/diana-wgs-hrd-20260716T033101Z/early-look/early-look-intersected-20260716T150517Z/artifacts/contamination/shards/normal.chr15.pileups.table
6444894	0f2278b2e9489e138740996710b7d8f1	2026-07-16T18:01:07+00:00	STANDARD	AES256	runs/diana-hrd/diana-wgs-hrd-20260716T033101Z/early-look/early-look-intersected-20260716T150517Z/artifacts/contamination/shards/normal.chr16.pileups.table	https://diana-omics-results-172630973301-us-east-1.s3.us-east-1.amazonaws.com/runs/diana-hrd/diana-wgs-hrd-20260716T033101Z/early-look/early-look-intersected-20260716T150517Z/artifacts/contamination/shards/normal.chr16.pileups.table
5608586	57b6dce14b3e3eeea5bed8ed7918e187	2026-07-16T18:01:07+00:00	STANDARD	AES256	runs/diana-hrd/diana-wgs-hrd-20260716T033101Z/early-look/early-look-intersected-20260716T150517Z/artifacts/contamination/shards/normal.chr17.pileups.table	https://diana-omics-results-172630973301-us-east-1.s3.us-east-1.amazonaws.com/runs/diana-hrd/diana-wgs-hrd-20260716T033101Z/early-look/early-look-intersected-20260716T150517Z/artifacts/contamination/shards/normal.chr17.pileups.table
5755047	f95512757520169adf514980fc3ab08e	2026-07-16T18:01:07+00:00	STANDARD	AES256	runs/diana-hrd/diana-wgs-hrd-20260716T033101Z/early-look/early-look-intersected-20260716T150517Z/artifacts/contamination/shards/normal.chr18.pileups.table	https://diana-omics-results-172630973301-us-east-1.s3.us-east-1.amazonaws.com/runs/diana-hrd/diana-wgs-hrd-20260716T033101Z/early-look/early-look-intersected-20260716T150517Z/artifacts/contamination/shards/normal.chr18.pileups.table
4943334	02c6d637e9966b3fe7d16e23239a5304	2026-07-16T18:01:07+00:00	STANDARD	AES256	runs/diana-hrd/diana-wgs-hrd-20260716T033101Z/early-look/early-look-intersected-20260716T150517Z/artifacts/contamination/shards/normal.chr19.pileups.table	https://diana-omics-results-172630973301-us-east-1.s3.us-east-1.amazonaws.com/runs/diana-hrd/diana-wgs-hrd-20260716T033101Z/early-look/early-look-intersected-20260716T150517Z/artifacts/contamination/shards/normal.chr19.pileups.table
16856898	1928f62d0c78b9d543465bf2b84ee343-3	2026-07-16T18:01:07+00:00	STANDARD	AES256	runs/diana-hrd/diana-wgs-hrd-20260716T033101Z/early-look/early-look-intersected-20260716T150517Z/artifacts/contamination/shards/normal.chr2.pileups.table	https://diana-omics-results-172630973301-us-east-1.s3.us-east-1.amazonaws.com/runs/diana-hrd/diana-wgs-hrd-20260716T033101Z/early-look/early-look-intersected-20260716T150517Z/artifacts/contamination/shards/normal.chr2.pileups.table
4516188	d2df9447cfadd78519810a1e5d1b8d46	2026-07-16T18:01:08+00:00	STANDARD	AES256	runs/diana-hrd/diana-wgs-hrd-20260716T033101Z/early-look/early-look-intersected-20260716T150517Z/artifacts/contamination/shards/normal.chr20.pileups.table	https://diana-omics-results-172630973301-us-east-1.s3.us-east-1.amazonaws.com/runs/diana-hrd/diana-wgs-hrd-20260716T033101Z/early-look/early-look-intersected-20260716T150517Z/artifacts/contamination/shards/normal.chr20.pileups.table
2876750	3e50be00460b72f4373d907e209c7950	2026-07-16T18:01:08+00:00	STANDARD	AES256	runs/diana-hrd/diana-wgs-hrd-20260716T033101Z/early-look/early-look-intersected-20260716T150517Z/artifacts/contamination/shards/normal.chr21.pileups.table	https://diana-omics-results-172630973301-us-east-1.s3.us-east-1.amazonaws.com/runs/diana-hrd/diana-wgs-hrd-20260716T033101Z/early-look/early-look-intersected-20260716T150517Z/artifacts/contamination/shards/normal.chr21.pileups.table
2970851	c0ad2a0063d1ca267c30f7bd3dcb2f92	2026-07-16T18:01:08+00:00	STANDARD	AES256	runs/diana-hrd/diana-wgs-hrd-20260716T033101Z/early-look/early-look-intersected-20260716T150517Z/artifacts/contamination/shards/normal.chr22.pileups.table	https://diana-omics-results-172630973301-us-east-1.s3.us-east-1.amazonaws.com/runs/diana-hrd/diana-wgs-hrd-20260716T033101Z/early-look/early-look-intersected-20260716T150517Z/artifacts/contamination/shards/normal.chr22.pileups.table
14231969	aee17f5a6d54f4ab1de9c1b040cb615a-2	2026-07-16T18:01:08+00:00	STANDARD	AES256	runs/diana-hrd/diana-wgs-hrd-20260716T033101Z/early-look/early-look-intersected-20260716T150517Z/artifacts/contamination/shards/normal.chr3.pileups.table	https://diana-omics-results-172630973301-us-east-1.s3.us-east-1.amazonaws.com/runs/diana-hrd/diana-wgs-hrd-20260716T033101Z/early-look/early-look-intersected-20260716T150517Z/artifacts/contamination/shards/normal.chr3.pileups.table
14125312	55fbdcafee4804953ec353c03e2c092b-2	2026-07-16T18:01:08+00:00	STANDARD	AES256	runs/diana-hrd/diana-wgs-hrd-20260716T033101Z/early-look/early-look-intersected-20260716T150517Z/artifacts/contamination/shards/normal.chr4.pileups.table	https://diana-omics-results-172630973301-us-east-1.s3.us-east-1.amazonaws.com/runs/diana-hrd/diana-wgs-hrd-20260716T033101Z/early-look/early-look-intersected-20260716T150517Z/artifacts/contamination/shards/normal.chr4.pileups.table
12689915	572d59a33801850c7aa90eeb7bececc5-2	2026-07-16T18:01:08+00:00	STANDARD	AES256	runs/diana-hrd/diana-wgs-hrd-20260716T033101Z/early-look/early-look-intersected-20260716T150517Z/artifacts/contamination/shards/normal.chr5.pileups.table	https://diana-omics-results-172630973301-us-east-1.s3.us-east-1.amazonaws.com/runs/diana-hrd/diana-wgs-hrd-20260716T033101Z/early-look/early-look-intersected-20260716T150517Z/artifacts/contamination/shards/normal.chr5.pileups.table
12854498	16d8979987126831c50d3ba5cf8a73dd-2	2026-07-16T18:01:08+00:00	STANDARD	AES256	runs/diana-hrd/diana-wgs-hrd-20260716T033101Z/early-look/early-look-intersected-20260716T150517Z/artifacts/contamination/shards/normal.chr6.pileups.table	https://diana-omics-results-172630973301-us-east-1.s3.us-east-1.amazonaws.com/runs/diana-hrd/diana-wgs-hrd-20260716T033101Z/early-look/early-look-intersected-20260716T150517Z/artifacts/contamination/shards/normal.chr6.pileups.table
11760119	9f65453c2d12118ad1c5d82907043bdd-2	2026-07-16T18:01:09+00:00	STANDARD	AES256	runs/diana-hrd/diana-wgs-hrd-20260716T033101Z/early-look/early-look-intersected-20260716T150517Z/artifacts/contamination/shards/normal.chr7.pileups.table	https://diana-omics-results-172630973301-us-east-1.s3.us-east-1.amazonaws.com/runs/diana-hrd/diana-wgs-hrd-20260716T033101Z/early-look/early-look-intersected-20260716T150517Z/artifacts/contamination/shards/normal.chr7.pileups.table
10964677	f3295dcaa98cad77ece3e3bbdcc265a4-2	2026-07-16T18:01:09+00:00	STANDARD	AES256	runs/diana-hrd/diana-wgs-hrd-20260716T033101Z/early-look/early-look-intersected-20260716T150517Z/artifacts/contamination/shards/normal.chr8.pileups.table	https://diana-omics-results-172630973301-us-east-1.s3.us-east-1.amazonaws.com/runs/diana-hrd/diana-wgs-hrd-20260716T033101Z/early-look/early-look-intersected-20260716T150517Z/artifacts/contamination/shards/normal.chr8.pileups.table
8818788	dfc210afdefb261bcb5b03fd91e73711-2	2026-07-16T18:01:09+00:00	STANDARD	AES256	runs/diana-hrd/diana-wgs-hrd-20260716T033101Z/early-look/early-look-intersected-20260716T150517Z/artifacts/contamination/shards/normal.chr9.pileups.table	https://diana-omics-results-172630973301-us-east-1.s3.us-east-1.amazonaws.com/runs/diana-hrd/diana-wgs-hrd-20260716T033101Z/early-look/early-look-intersected-20260716T150517Z/artifacts/contamination/shards/normal.chr9.pileups.table
7961152	4aa5623f13d39bc91056766dbe5105e7	2026-07-16T18:01:09+00:00	STANDARD	AES256	runs/diana-hrd/diana-wgs-hrd-20260716T033101Z/early-look/early-look-intersected-20260716T150517Z/artifacts/contamination/shards/normal.chrX.pileups.table	https://diana-omics-results-172630973301-us-east-1.s3.us-east-1.amazonaws.com/runs/diana-hrd/diana-wgs-hrd-20260716T033101Z/early-look/early-look-intersected-20260716T150517Z/artifacts/contamination/shards/normal.chrX.pileups.table
15645610	97ae1a58b4a239883cec256fb1010a04-2	2026-07-16T18:01:09+00:00	STANDARD	AES256	runs/diana-hrd/diana-wgs-hrd-20260716T033101Z/early-look/early-look-intersected-20260716T150517Z/artifacts/contamination/shards/tumor.chr1.pileups.table	https://diana-omics-results-172630973301-us-east-1.s3.us-east-1.amazonaws.com/runs/diana-hrd/diana-wgs-hrd-20260716T033101Z/early-look/early-look-intersected-20260716T150517Z/artifacts/contamination/shards/tumor.chr1.pileups.table
10330231	56340289625b3d87ff859bf78f6f1d54-2	2026-07-16T18:01:09+00:00	STANDARD	AES256	runs/diana-hrd/diana-wgs-hrd-20260716T033101Z/early-look/early-look-intersected-20260716T150517Z/artifacts/contamination/shards/tumor.chr10.pileups.table	https://diana-omics-results-172630973301-us-east-1.s3.us-east-1.amazonaws.com/runs/diana-hrd/diana-wgs-hrd-20260716T033101Z/early-look/early-look-intersected-20260716T150517Z/artifacts/contamination/shards/tumor.chr10.pileups.table
10013648	66d9aec7efd2f810d894c3807c0e91e7-2	2026-07-16T18:01:09+00:00	STANDARD	AES256	runs/diana-hrd/diana-wgs-hrd-20260716T033101Z/early-look/early-look-intersected-20260716T150517Z/artifacts/contamination/shards/tumor.chr11.pileups.table	https://diana-omics-results-172630973301-us-east-1.s3.us-east-1.amazonaws.com/runs/diana-hrd/diana-wgs-hrd-20260716T033101Z/early-look/early-look-intersected-20260716T150517Z/artifacts/contamination/shards/tumor.chr11.pileups.table
9975197	525cb839562edc1983c547fc46b7c94a-2	2026-07-16T18:01:10+00:00	STANDARD	AES256	runs/diana-hrd/diana-wgs-hrd-20260716T033101Z/early-look/early-look-intersected-20260716T150517Z/artifacts/contamination/shards/tumor.chr12.pileups.table	https://diana-omics-results-172630973301-us-east-1.s3.us-east-1.amazonaws.com/runs/diana-hrd/diana-wgs-hrd-20260716T033101Z/early-look/early-look-intersected-20260716T150517Z/artifacts/contamination/shards/tumor.chr12.pileups.table
7124484	dfa9ccca85fa140edcfe782b49b6d58d	2026-07-16T18:01:10+00:00	STANDARD	AES256	runs/diana-hrd/diana-wgs-hrd-20260716T033101Z/early-look/early-look-intersected-20260716T150517Z/artifacts/contamination/shards/tumor.chr13.pileups.table	https://diana-omics-results-172630973301-us-east-1.s3.us-east-1.amazonaws.com/runs/diana-hrd/diana-wgs-hrd-20260716T033101Z/early-look/early-look-intersected-20260716T150517Z/artifacts/contamination/shards/tumor.chr13.pileups.table
6839761	de9f226b8e600cfc520744c47c390512	2026-07-16T18:01:10+00:00	STANDARD	AES256	runs/diana-hrd/diana-wgs-hrd-20260716T033101Z/early-look/early-look-intersected-20260716T150517Z/artifacts/contamination/shards/tumor.chr14.pileups.table	https://diana-omics-results-172630973301-us-east-1.s3.us-east-1.amazonaws.com/runs/diana-hrd/diana-wgs-hrd-20260716T033101Z/early-look/early-look-intersected-20260716T150517Z/artifacts/contamination/shards/tumor.chr14.pileups.table
6170871	bb91d6c4d5b010374e93250076b6566b	2026-07-16T18:01:10+00:00	STANDARD	AES256	runs/diana-hrd/diana-wgs-hrd-20260716T033101Z/early-look/early-look-intersected-20260716T150517Z/artifacts/contamination/shards/tumor.chr15.pileups.table	https://diana-omics-results-172630973301-us-east-1.s3.us-east-1.amazonaws.com/runs/diana-hrd/diana-wgs-hrd-20260716T033101Z/early-look/early-look-intersected-20260716T150517Z/artifacts/contamination/shards/tumor.chr15.pileups.table
6427513	02e59ace60f26d846c0a658ac69ac153	2026-07-16T18:01:10+00:00	STANDARD	AES256	runs/diana-hrd/diana-wgs-hrd-20260716T033101Z/early-look/early-look-intersected-20260716T150517Z/artifacts/contamination/shards/tumor.chr16.pileups.table	https://diana-omics-results-172630973301-us-east-1.s3.us-east-1.amazonaws.com/runs/diana-hrd/diana-wgs-hrd-20260716T033101Z/early-look/early-look-intersected-20260716T150517Z/artifacts/contamination/shards/tumor.chr16.pileups.table
5594661	d74fff10454b9fec931c73a4b04e702d	2026-07-16T18:01:10+00:00	STANDARD	AES256	runs/diana-hrd/diana-wgs-hrd-20260716T033101Z/early-look/early-look-intersected-20260716T150517Z/artifacts/contamination/shards/tumor.chr17.pileups.table	https://diana-omics-results-172630973301-us-east-1.s3.us-east-1.amazonaws.com/runs/diana-hrd/diana-wgs-hrd-20260716T033101Z/early-look/early-look-intersected-20260716T150517Z/artifacts/contamination/shards/tumor.chr17.pileups.table
5748971	a451212cb29d4e723027672215f6e02f	2026-07-16T18:01:10+00:00	STANDARD	AES256	runs/diana-hrd/diana-wgs-hrd-20260716T033101Z/early-look/early-look-intersected-20260716T150517Z/artifacts/contamination/shards/tumor.chr18.pileups.table	https://diana-omics-results-172630973301-us-east-1.s3.us-east-1.amazonaws.com/runs/diana-hrd/diana-wgs-hrd-20260716T033101Z/early-look/early-look-intersected-20260716T150517Z/artifacts/contamination/shards/tumor.chr18.pileups.table
4915828	51f75f95710c356dbd0c0ee4c7501309	2026-07-16T18:01:10+00:00	STANDARD	AES256	runs/diana-hrd/diana-wgs-hrd-20260716T033101Z/early-look/early-look-intersected-20260716T150517Z/artifacts/contamination/shards/tumor.chr19.pileups.table	https://diana-omics-results-172630973301-us-east-1.s3.us-east-1.amazonaws.com/runs/diana-hrd/diana-wgs-hrd-20260716T033101Z/early-look/early-look-intersected-20260716T150517Z/artifacts/contamination/shards/tumor.chr19.pileups.table
16853575	51d8326bf50874672a51bddc54b24da9-3	2026-07-16T18:01:10+00:00	STANDARD	AES256	runs/diana-hrd/diana-wgs-hrd-20260716T033101Z/early-look/early-look-intersected-20260716T150517Z/artifacts/contamination/shards/tumor.chr2.pileups.table	https://diana-omics-results-172630973301-us-east-1.s3.us-east-1.amazonaws.com/runs/diana-hrd/diana-wgs-hrd-20260716T033101Z/early-look/early-look-intersected-20260716T150517Z/artifacts/contamination/shards/tumor.chr2.pileups.table
4509215	4bf9c28166975b328e2f49387e9e7d09	2026-07-16T18:01:10+00:00	STANDARD	AES256	runs/diana-hrd/diana-wgs-hrd-20260716T033101Z/early-look/early-look-intersected-20260716T150517Z/artifacts/contamination/shards/tumor.chr20.pileups.table	https://diana-omics-results-172630973301-us-east-1.s3.us-east-1.amazonaws.com/runs/diana-hrd/diana-wgs-hrd-20260716T033101Z/early-look/early-look-intersected-20260716T150517Z/artifacts/contamination/shards/tumor.chr20.pileups.table
2873453	d837cd9ad0fcf15367142b1cd1dac938	2026-07-16T18:01:10+00:00	STANDARD	AES256	runs/diana-hrd/diana-wgs-hrd-20260716T033101Z/early-look/early-look-intersected-20260716T150517Z/artifacts/contamination/shards/tumor.chr21.pileups.table	https://diana-omics-results-172630973301-us-east-1.s3.us-east-1.amazonaws.com/runs/diana-hrd/diana-wgs-hrd-20260716T033101Z/early-look/early-look-intersected-20260716T150517Z/artifacts/contamination/shards/tumor.chr21.pileups.table
2953817	82d3484e249682fc0e75ecbf705d7c37	2026-07-16T18:01:11+00:00	STANDARD	AES256	runs/diana-hrd/diana-wgs-hrd-20260716T033101Z/early-look/early-look-intersected-20260716T150517Z/artifacts/contamination/shards/tumor.chr22.pileups.table	https://diana-omics-results-172630973301-us-east-1.s3.us-east-1.amazonaws.com/runs/diana-hrd/diana-wgs-hrd-20260716T033101Z/early-look/early-look-intersected-20260716T150517Z/artifacts/contamination/shards/tumor.chr22.pileups.table
14233566	56cd7a80bac99944204489dbd8657ae9-2	2026-07-16T18:01:11+00:00	STANDARD	AES256	runs/diana-hrd/diana-wgs-hrd-20260716T033101Z/early-look/early-look-intersected-20260716T150517Z/artifacts/contamination/shards/tumor.chr3.pileups.table	https://diana-omics-results-172630973301-us-east-1.s3.us-east-1.amazonaws.com/runs/diana-hrd/diana-wgs-hrd-20260716T033101Z/early-look/early-look-intersected-20260716T150517Z/artifacts/contamination/shards/tumor.chr3.pileups.table
14107880	4786f2ac43c99596d59c2ecb29434cdc-2	2026-07-16T18:01:11+00:00	STANDARD	AES256	runs/diana-hrd/diana-wgs-hrd-20260716T033101Z/early-look/early-look-intersected-20260716T150517Z/artifacts/contamination/shards/tumor.chr4.pileups.table	https://diana-omics-results-172630973301-us-east-1.s3.us-east-1.amazonaws.com/runs/diana-hrd/diana-wgs-hrd-20260716T033101Z/early-look/early-look-intersected-20260716T150517Z/artifacts/contamination/shards/tumor.chr4.pileups.table
12669540	24fc65737a8c775eda94d657dd1f5d05-2	2026-07-16T18:01:11+00:00	STANDARD	AES256	runs/diana-hrd/diana-wgs-hrd-20260716T033101Z/early-look/early-look-intersected-20260716T150517Z/artifacts/contamination/shards/tumor.chr5.pileups.table	https://diana-omics-results-172630973301-us-east-1.s3.us-east-1.amazonaws.com/runs/diana-hrd/diana-wgs-hrd-20260716T033101Z/early-look/early-look-intersected-20260716T150517Z/artifacts/contamination/shards/tumor.chr5.pileups.table
12849480	4269bc1c84e6966b80f8744ba69c9450-2	2026-07-16T18:01:11+00:00	STANDARD	AES256	runs/diana-hrd/diana-wgs-hrd-20260716T033101Z/early-look/early-look-intersected-20260716T150517Z/artifacts/contamination/shards/tumor.chr6.pileups.table	https://diana-omics-results-172630973301-us-east-1.s3.us-east-1.amazonaws.com/runs/diana-hrd/diana-wgs-hrd-20260716T033101Z/early-look/early-look-intersected-20260716T150517Z/artifacts/contamination/shards/tumor.chr6.pileups.table
11740810	465d8dede8220501b7249bcac2ce14a8-2	2026-07-16T18:01:11+00:00	STANDARD	AES256	runs/diana-hrd/diana-wgs-hrd-20260716T033101Z/early-look/early-look-intersected-20260716T150517Z/artifacts/contamination/shards/tumor.chr7.pileups.table	https://diana-omics-results-172630973301-us-east-1.s3.us-east-1.amazonaws.com/runs/diana-hrd/diana-wgs-hrd-20260716T033101Z/early-look/early-look-intersected-20260716T150517Z/artifacts/contamination/shards/tumor.chr7.pileups.table
10956211	5fd7efcacd50c7a15e727db80f7f9a31-2	2026-07-16T18:01:11+00:00	STANDARD	AES256	runs/diana-hrd/diana-wgs-hrd-20260716T033101Z/early-look/early-look-intersected-20260716T150517Z/artifacts/contamination/shards/tumor.chr8.pileups.table	https://diana-omics-results-172630973301-us-east-1.s3.us-east-1.amazonaws.com/runs/diana-hrd/diana-wgs-hrd-20260716T033101Z/early-look/early-look-intersected-20260716T150517Z/artifacts/contamination/shards/tumor.chr8.pileups.table
8799788	c3457986473e3dfeef97f75a85c11372-2	2026-07-16T18:01:12+00:00	STANDARD	AES256	runs/diana-hrd/diana-wgs-hrd-20260716T033101Z/early-look/early-look-intersected-20260716T150517Z/artifacts/contamination/shards/tumor.chr9.pileups.table	https://diana-omics-results-172630973301-us-east-1.s3.us-east-1.amazonaws.com/runs/diana-hrd/diana-wgs-hrd-20260716T033101Z/early-look/early-look-intersected-20260716T150517Z/artifacts/contamination/shards/tumor.chr9.pileups.table
7953068	c1fe6d8bb16790838b6eeefeb70d00cc	2026-07-16T18:01:12+00:00	STANDARD	AES256	runs/diana-hrd/diana-wgs-hrd-20260716T033101Z/early-look/early-look-intersected-20260716T150517Z/artifacts/contamination/shards/tumor.chrX.pileups.table	https://diana-omics-results-172630973301-us-east-1.s3.us-east-1.amazonaws.com/runs/diana-hrd/diana-wgs-hrd-20260716T033101Z/early-look/early-look-intersected-20260716T150517Z/artifacts/contamination/shards/tumor.chrX.pileups.table
5732	5013b36a16a83b48058ab16d6c73a42a	2026-07-16T18:01:12+00:00	STANDARD	AES256	runs/diana-hrd/diana-wgs-hrd-20260716T033101Z/early-look/early-look-intersected-20260716T150517Z/artifacts/contamination/tumor-segmentation.table	https://diana-omics-results-172630973301-us-east-1.s3.us-east-1.amazonaws.com/runs/diana-hrd/diana-wgs-hrd-20260716T033101Z/early-look/early-look-intersected-20260716T150517Z/artifacts/contamination/tumor-segmentation.table
209284846	06edeb49bfcfd7a894fe659414ee93f3-25	2026-07-16T18:01:12+00:00	STANDARD	AES256	runs/diana-hrd/diana-wgs-hrd-20260716T033101Z/early-look/early-look-intersected-20260716T150517Z/artifacts/contamination/tumor.pileups.table	https://diana-omics-results-172630973301-us-east-1.s3.us-east-1.amazonaws.com/runs/diana-hrd/diana-wgs-hrd-20260716T033101Z/early-look/early-look-intersected-20260716T150517Z/artifacts/contamination/tumor.pileups.table
1202	371612ee5a613b218dbb8906da7efd3f	2026-07-16T18:01:13+00:00	STANDARD	AES256	runs/diana-hrd/diana-wgs-hrd-20260716T033101Z/early-look/early-look-intersected-20260716T150517Z/artifacts/coverage_cnv/chr1.bed	https://diana-omics-results-172630973301-us-east-1.s3.us-east-1.amazonaws.com/runs/diana-hrd/diana-wgs-hrd-20260716T033101Z/early-look/early-look-intersected-20260716T150517Z/artifacts/coverage_cnv/chr1.bed
2172	34856f5f0b34231fce20d497d1f31173	2026-07-16T18:01:13+00:00	STANDARD	AES256	runs/diana-hrd/diana-wgs-hrd-20260716T033101Z/early-look/early-look-intersected-20260716T150517Z/artifacts/coverage_cnv/chr1.bedcov.tsv	https://diana-omics-results-172630973301-us-east-1.s3.us-east-1.amazonaws.com/runs/diana-hrd/diana-wgs-hrd-20260716T033101Z/early-look/early-look-intersected-20260716T150517Z/artifacts/coverage_cnv/chr1.bedcov.tsv
654	e495fb9cb08f2c7a7db949fabf19b99c	2026-07-16T18:01:13+00:00	STANDARD	AES256	runs/diana-hrd/diana-wgs-hrd-20260716T033101Z/early-look/early-look-intersected-20260716T150517Z/artifacts/coverage_cnv/chr10.bed	https://diana-omics-results-172630973301-us-east-1.s3.us-east-1.amazonaws.com/runs/diana-hrd/diana-wgs-hrd-20260716T033101Z/early-look/early-look-intersected-20260716T150517Z/artifacts/coverage_cnv/chr10.bed
1194	91d06c88c0c6dddc3dcc23974944b80a	2026-07-16T18:01:13+00:00	STANDARD	AES256	runs/diana-hrd/diana-wgs-hrd-20260716T033101Z/early-look/early-look-intersected-20260716T150517Z/artifacts/coverage_cnv/chr10.bedcov.tsv	https://diana-omics-results-172630973301-us-east-1.s3.us-east-1.amazonaws.com/runs/diana-hrd/diana-wgs-hrd-20260716T033101Z/early-look/early-look-intersected-20260716T150517Z/artifacts/coverage_cnv/chr10.bedcov.tsv
680	a24fbba69cbbc00b1045effcf4929212	2026-07-16T18:01:13+00:00	STANDARD	AES256	runs/diana-hrd/diana-wgs-hrd-20260716T033101Z/early-look/early-look-intersected-20260716T150517Z/artifacts/coverage_cnv/chr11.bed	https://diana-omics-results-172630973301-us-east-1.s3.us-east-1.amazonaws.com/runs/diana-hrd/diana-wgs-hrd-20260716T033101Z/early-look/early-look-intersected-20260716T150517Z/artifacts/coverage_cnv/chr11.bed
1236	5dcec42ead4db096cff9d1f8cd5bfb50	2026-07-16T18:01:13+00:00	STANDARD	AES256	runs/diana-hrd/diana-wgs-hrd-20260716T033101Z/early-look/early-look-intersected-20260716T150517Z/artifacts/coverage_cnv/chr11.bedcov.tsv	https://diana-omics-results-172630973301-us-east-1.s3.us-east-1.amazonaws.com/runs/diana-hrd/diana-wgs-hrd-20260716T033101Z/early-look/early-look-intersected-20260716T150517Z/artifacts/coverage_cnv/chr11.bedcov.tsv
654	3f1b031b7cb6a776cdf8939fe9368585	2026-07-16T18:01:13+00:00	STANDARD	AES256	runs/diana-hrd/diana-wgs-hrd-20260716T033101Z/early-look/early-look-intersected-20260716T150517Z/artifacts/coverage_cnv/chr12.bed	https://diana-omics-results-172630973301-us-east-1.s3.us-east-1.amazonaws.com/runs/diana-hrd/diana-wgs-hrd-20260716T033101Z/early-look/early-look-intersected-20260716T150517Z/artifacts/coverage_cnv/chr12.bed
1193	c4db6ab90d8cce34d39e67dcdb6cd4a5	2026-07-16T18:01:14+00:00	STANDARD	AES256	runs/diana-hrd/diana-wgs-hrd-20260716T033101Z/early-look/early-look-intersected-20260716T150517Z/artifacts/coverage_cnv/chr12.bedcov.tsv	https://diana-omics-results-172630973301-us-east-1.s3.us-east-1.amazonaws.com/runs/diana-hrd/diana-wgs-hrd-20260716T033101Z/early-look/early-look-intersected-20260716T150517Z/artifacts/coverage_cnv/chr12.bedcov.tsv
550	f4f1d19af244843b9dde2616733f0934	2026-07-16T18:01:14+00:00	STANDARD	AES256	runs/diana-hrd/diana-wgs-hrd-20260716T033101Z/early-look/early-look-intersected-20260716T150517Z/artifacts/coverage_cnv/chr13.bed	https://diana-omics-results-172630973301-us-east-1.s3.us-east-1.amazonaws.com/runs/diana-hrd/diana-wgs-hrd-20260716T033101Z/early-look/early-look-intersected-20260716T150517Z/artifacts/coverage_cnv/chr13.bed
962	04fc11d1e13ad7ce7a2345d9855a04ab	2026-07-16T18:01:14+00:00	STANDARD	AES256	runs/diana-hrd/diana-wgs-hrd-20260716T033101Z/early-look/early-look-intersected-20260716T150517Z/artifacts/coverage_cnv/chr13.bedcov.tsv	https://diana-omics-results-172630973301-us-east-1.s3.us-east-1.amazonaws.com/runs/diana-hrd/diana-wgs-hrd-20260716T033101Z/early-look/early-look-intersected-20260716T150517Z/artifacts/coverage_cnv/chr13.bedcov.tsv
524	03a2a6792c757152661191e0ca18724a	2026-07-16T18:01:14+00:00	STANDARD	AES256	runs/diana-hrd/diana-wgs-hrd-20260716T033101Z/early-look/early-look-intersected-20260716T150517Z/artifacts/coverage_cnv/chr14.bed	https://diana-omics-results-172630973301-us-east-1.s3.us-east-1.amazonaws.com/runs/diana-hrd/diana-wgs-hrd-20260716T033101Z/early-look/early-look-intersected-20260716T150517Z/artifacts/coverage_cnv/chr14.bed
918	27255280b9efe6e31cd31a29b04ba5b1	2026-07-16T18:01:14+00:00	STANDARD	AES256	runs/diana-hrd/diana-wgs-hrd-20260716T033101Z/early-look/early-look-intersected-20260716T150517Z/artifacts/coverage_cnv/chr14.bedcov.tsv	https://diana-omics-results-172630973301-us-east-1.s3.us-east-1.amazonaws.com/runs/diana-hrd/diana-wgs-hrd-20260716T033101Z/early-look/early-look-intersected-20260716T150517Z/artifacts/coverage_cnv/chr14.bedcov.tsv
498	d5bafa5fb6a75899348b9aba987d306f	2026-07-16T18:01:14+00:00	STANDARD	AES256	runs/diana-hrd/diana-wgs-hrd-20260716T033101Z/early-look/early-look-intersected-20260716T150517Z/artifacts/coverage_cnv/chr15.bed	https://diana-omics-results-172630973301-us-east-1.s3.us-east-1.amazonaws.com/runs/diana-hrd/diana-wgs-hrd-20260716T033101Z/early-look/early-look-intersected-20260716T150517Z/artifacts/coverage_cnv/chr15.bed
871	b9a55b5817877adc7f6d565fa113ff18	2026-07-16T18:01:14+00:00	STANDARD	AES256	runs/diana-hrd/diana-wgs-hrd-20260716T033101Z/early-look/early-look-intersected-20260716T150517Z/artifacts/coverage_cnv/chr15.bedcov.tsv	https://diana-omics-results-172630973301-us-east-1.s3.us-east-1.amazonaws.com/runs/diana-hrd/diana-wgs-hrd-20260716T033101Z/early-look/early-look-intersected-20260716T150517Z/artifacts/coverage_cnv/chr15.bedcov.tsv
447	f6b182f0dbf5264f18102da77a1b0f22	2026-07-16T18:01:14+00:00	STANDARD	AES256	runs/diana-hrd/diana-wgs-hrd-20260716T033101Z/early-look/early-look-intersected-20260716T150517Z/artifacts/coverage_cnv/chr16.bed	https://diana-omics-results-172630973301-us-east-1.s3.us-east-1.amazonaws.com/runs/diana-hrd/diana-wgs-hrd-20260716T033101Z/early-look/early-look-intersected-20260716T150517Z/artifacts/coverage_cnv/chr16.bed
808	e3f2fbde0bdb20a250591a7acc93fe5d	2026-07-16T18:01:14+00:00	STANDARD	AES256	runs/diana-hrd/diana-wgs-hrd-20260716T033101Z/early-look/early-look-intersected-20260716T150517Z/artifacts/coverage_cnv/chr16.bedcov.tsv	https://diana-omics-results-172630973301-us-east-1.s3.us-east-1.amazonaws.com/runs/diana-hrd/diana-wgs-hrd-20260716T033101Z/early-look/early-look-intersected-20260716T150517Z/artifacts/coverage_cnv/chr16.bedcov.tsv
399	03086dfea8978b0ee85082a19c07e18f	2026-07-16T18:01:14+00:00	STANDARD	AES256	runs/diana-hrd/diana-wgs-hrd-20260716T033101Z/early-look/early-look-intersected-20260716T150517Z/artifacts/coverage_cnv/chr17.bed	https://diana-omics-results-172630973301-us-east-1.s3.us-east-1.amazonaws.com/runs/diana-hrd/diana-wgs-hrd-20260716T033101Z/early-look/early-look-intersected-20260716T150517Z/artifacts/coverage_cnv/chr17.bed
738	3f4f4ded000f23e04a5e3ac225a32c85	2026-07-16T18:01:14+00:00	STANDARD	AES256	runs/diana-hrd/diana-wgs-hrd-20260716T033101Z/early-look/early-look-intersected-20260716T150517Z/artifacts/coverage_cnv/chr17.bedcov.tsv	https://diana-omics-results-172630973301-us-east-1.s3.us-east-1.amazonaws.com/runs/diana-hrd/diana-wgs-hrd-20260716T033101Z/early-look/early-look-intersected-20260716T150517Z/artifacts/coverage_cnv/chr17.bedcov.tsv
399	c3b49faeae5dd86af133ddd2559b5ed0	2026-07-16T18:01:14+00:00	STANDARD	AES256	runs/diana-hrd/diana-wgs-hrd-20260716T033101Z/early-look/early-look-intersected-20260716T150517Z/artifacts/coverage_cnv/chr18.bed	https://diana-omics-results-172630973301-us-east-1.s3.us-east-1.amazonaws.com/runs/diana-hrd/diana-wgs-hrd-20260716T033101Z/early-look/early-look-intersected-20260716T150517Z/artifacts/coverage_cnv/chr18.bed
737	70bf820fe14dd2899f8758522be49e9e	2026-07-16T18:01:14+00:00	STANDARD	AES256	runs/diana-hrd/diana-wgs-hrd-20260716T033101Z/early-look/early-look-intersected-20260716T150517Z/artifacts/coverage_cnv/chr18.bedcov.tsv	https://diana-omics-results-172630973301-us-east-1.s3.us-east-1.amazonaws.com/runs/diana-hrd/diana-wgs-hrd-20260716T033101Z/early-look/early-look-intersected-20260716T150517Z/artifacts/coverage_cnv/chr18.bedcov.tsv
279	3d5645be3bdd398eb150eb3a92c7071a	2026-07-16T18:01:14+00:00	STANDARD	AES256	runs/diana-hrd/diana-wgs-hrd-20260716T033101Z/early-look/early-look-intersected-20260716T150517Z/artifacts/coverage_cnv/chr19.bed	https://diana-omics-results-172630973301-us-east-1.s3.us-east-1.amazonaws.com/runs/diana-hrd/diana-wgs-hrd-20260716T033101Z/early-look/early-look-intersected-20260716T150517Z/artifacts/coverage_cnv/chr19.bed
518	87d8d7619b84f4dd350ff340cacc092f	2026-07-16T18:01:14+00:00	STANDARD	AES256	runs/diana-hrd/diana-wgs-hrd-20260716T033101Z/early-look/early-look-intersected-20260716T150517Z/artifacts/coverage_cnv/chr19.bedcov.tsv	https://diana-omics-results-172630973301-us-east-1.s3.us-east-1.amazonaws.com/runs/diana-hrd/diana-wgs-hrd-20260716T033101Z/early-look/early-look-intersected-20260716T150517Z/artifacts/coverage_cnv/chr19.bedcov.tsv
1177	dcf07bc9c91eef62fec96e12136d1bdf	2026-07-16T18:01:14+00:00	STANDARD	AES256	runs/diana-hrd/diana-wgs-hrd-20260716T033101Z/early-look/early-look-intersected-20260716T150517Z/artifacts/coverage_cnv/chr2.bed	https://diana-omics-results-172630973301-us-east-1.s3.us-east-1.amazonaws.com/runs/diana-hrd/diana-wgs-hrd-20260716T033101Z/early-look/early-look-intersected-20260716T150517Z/artifacts/coverage_cnv/chr2.bed
2156	20c38e05213ac00d883ba56b8f12229b	2026-07-16T18:01:14+00:00	STANDARD	AES256	runs/diana-hrd/diana-wgs-hrd-20260716T033101Z/early-look/early-look-intersected-20260716T150517Z/artifacts/coverage_cnv/chr2.bedcov.tsv	https://diana-omics-results-172630973301-us-east-1.s3.us-east-1.amazonaws.com/runs/diana-hrd/diana-wgs-hrd-20260716T033101Z/early-look/early-look-intersected-20260716T150517Z/artifacts/coverage_cnv/chr2.bedcov.tsv
303	dec6d862f0e3c4785205df87baee7628	2026-07-16T18:01:14+00:00	STANDARD	AES256	runs/diana-hrd/diana-wgs-hrd-20260716T033101Z/early-look/early-look-intersected-20260716T150517Z/artifacts/coverage_cnv/chr20.bed	https://diana-omics-results-172630973301-us-east-1.s3.us-east-1.amazonaws.com/runs/diana-hrd/diana-wgs-hrd-20260716T033101Z/early-look/early-look-intersected-20260716T150517Z/artifacts/coverage_cnv/chr20.bed
563	6b1f7e1d1b7b93555e5834bd28858dac	2026-07-16T18:01:14+00:00	STANDARD	AES256	runs/diana-hrd/diana-wgs-hrd-20260716T033101Z/early-look/early-look-intersected-20260716T150517Z/artifacts/coverage_cnv/chr20.bedcov.tsv	https://diana-omics-results-172630973301-us-east-1.s3.us-east-1.amazonaws.com/runs/diana-hrd/diana-wgs-hrd-20260716T033101Z/early-look/early-look-intersected-20260716T150517Z/artifacts/coverage_cnv/chr20.bedcov.tsv
231	87be9612776a17a7eab77803fc7e80ee	2026-07-16T18:01:14+00:00	STANDARD	AES256	runs/diana-hrd/diana-wgs-hrd-20260716T033101Z/early-look/early-look-intersected-20260716T150517Z/artifacts/coverage_cnv/chr21.bed	https://diana-omics-results-172630973301-us-east-1.s3.us-east-1.amazonaws.com/runs/diana-hrd/diana-wgs-hrd-20260716T033101Z/early-look/early-look-intersected-20260716T150517Z/artifacts/coverage_cnv/chr21.bed
414	39d33f1c72168926938291b1a7833320	2026-07-16T18:01:14+00:00	STANDARD	AES256	runs/diana-hrd/diana-wgs-hrd-20260716T033101Z/early-look/early-look-intersected-20260716T150517Z/artifacts/coverage_cnv/chr21.bedcov.tsv	https://diana-omics-results-172630973301-us-east-1.s3.us-east-1.amazonaws.com/runs/diana-hrd/diana-wgs-hrd-20260716T033101Z/early-look/early-look-intersected-20260716T150517Z/artifacts/coverage_cnv/chr21.bedcov.tsv
255	6f4549ad58a1d216b419a8b6ee95b70d	2026-07-16T18:01:14+00:00	STANDARD	AES256	runs/diana-hrd/diana-wgs-hrd-20260716T033101Z/early-look/early-look-intersected-20260716T150517Z/artifacts/coverage_cnv/chr22.bed	https://diana-omics-results-172630973301-us-east-1.s3.us-east-1.amazonaws.com/runs/diana-hrd/diana-wgs-hrd-20260716T033101Z/early-look/early-look-intersected-20260716T150517Z/artifacts/coverage_cnv/chr22.bed
442	166714fa6b4715f548ff363ff5ac1ad2	2026-07-16T18:01:14+00:00	STANDARD	AES256	runs/diana-hrd/diana-wgs-hrd-20260716T033101Z/early-look/early-look-intersected-20260716T150517Z/artifacts/coverage_cnv/chr22.bedcov.tsv	https://diana-omics-results-172630973301-us-east-1.s3.us-east-1.amazonaws.com/runs/diana-hrd/diana-wgs-hrd-20260716T033101Z/early-look/early-look-intersected-20260716T150517Z/artifacts/coverage_cnv/chr22.bedcov.tsv
952	631003db176789e301c0af00b0be88c0	2026-07-16T18:01:14+00:00	STANDARD	AES256	runs/diana-hrd/diana-wgs-hrd-20260716T033101Z/early-look/early-look-intersected-20260716T150517Z/artifacts/coverage_cnv/chr3.bed	https://diana-omics-results-172630973301-us-east-1.s3.us-east-1.amazonaws.com/runs/diana-hrd/diana-wgs-hrd-20260716T033101Z/early-look/early-look-intersected-20260716T150517Z/artifacts/coverage_cnv/chr3.bed
1752	9d7f5c56cc78a740aac7594e9f5c2a79	2026-07-16T18:01:14+00:00	STANDARD	AES256	runs/diana-hrd/diana-wgs-hrd-20260716T033101Z/early-look/early-look-intersected-20260716T150517Z/artifacts/coverage_cnv/chr3.bedcov.tsv	https://diana-omics-results-172630973301-us-east-1.s3.us-east-1.amazonaws.com/runs/diana-hrd/diana-wgs-hrd-20260716T033101Z/early-look/early-look-intersected-20260716T150517Z/artifacts/coverage_cnv/chr3.bedcov.tsv
927	e29d8dc5b16d60a5cda925a765e414d0	2026-07-16T18:01:14+00:00	STANDARD	AES256	runs/diana-hrd/diana-wgs-hrd-20260716T033101Z/early-look/early-look-intersected-20260716T150517Z/artifacts/coverage_cnv/chr4.bed	https://diana-omics-results-172630973301-us-east-1.s3.us-east-1.amazonaws.com/runs/diana-hrd/diana-wgs-hrd-20260716T033101Z/early-look/early-look-intersected-20260716T150517Z/artifacts/coverage_cnv/chr4.bed
1705	1329c16f15699ea2740326504d24a7f0	2026-07-16T18:01:14+00:00	STANDARD	AES256	runs/diana-hrd/diana-wgs-hrd-20260716T033101Z/early-look/early-look-intersected-20260716T150517Z/artifacts/coverage_cnv/chr4.bedcov.tsv	https://diana-omics-results-172630973301-us-east-1.s3.us-east-1.amazonaws.com/runs/diana-hrd/diana-wgs-hrd-20260716T033101Z/early-look/early-look-intersected-20260716T150517Z/artifacts/coverage_cnv/chr4.bedcov.tsv
877	92a8f1448e8dc8ca899fe3dfe645b4d1	2026-07-16T18:01:14+00:00	STANDARD	AES256	runs/diana-hrd/diana-wgs-hrd-20260716T033101Z/early-look/early-look-intersected-20260716T150517Z/artifacts/coverage_cnv/chr5.bed	https://diana-omics-results-172630973301-us-east-1.s3.us-east-1.amazonaws.com/runs/diana-hrd/diana-wgs-hrd-20260716T033101Z/early-look/early-look-intersected-20260716T150517Z/artifacts/coverage_cnv/chr5.bed
1615	c7366206172904af494b77712b8aa994	2026-07-16T18:01:14+00:00	STANDARD	AES256	runs/diana-hrd/diana-wgs-hrd-20260716T033101Z/early-look/early-look-intersected-20260716T150517Z/artifacts/coverage_cnv/chr5.bedcov.tsv	https://diana-omics-results-172630973301-us-east-1.s3.us-east-1.amazonaws.com/runs/diana-hrd/diana-wgs-hrd-20260716T033101Z/early-look/early-look-intersected-20260716T150517Z/artifacts/coverage_cnv/chr5.bedcov.tsv
827	0f662a33f2abd9015837e2e0d4d8d9fa	2026-07-16T18:01:14+00:00	STANDARD	AES256	runs/diana-hrd/diana-wgs-hrd-20260716T033101Z/early-look/early-look-intersected-20260716T150517Z/artifacts/coverage_cnv/chr6.bed	https://diana-omics-results-172630973301-us-east-1.s3.us-east-1.amazonaws.com/runs/diana-hrd/diana-wgs-hrd-20260716T033101Z/early-look/early-look-intersected-20260716T150517Z/artifacts/coverage_cnv/chr6.bed
1525	2305d57a951e3c0ac129850de50584c8	2026-07-16T18:01:14+00:00	STANDARD	AES256	runs/diana-hrd/diana-wgs-hrd-20260716T033101Z/early-look/early-look-intersected-20260716T150517Z/artifacts/coverage_cnv/chr6.bedcov.tsv	https://diana-omics-results-172630973301-us-east-1.s3.us-east-1.amazonaws.com/runs/diana-hrd/diana-wgs-hrd-20260716T033101Z/early-look/early-look-intersected-20260716T150517Z/artifacts/coverage_cnv/chr6.bedcov.tsv
752	653c384d21fa96d040270b6779c81582	2026-07-16T18:01:14+00:00	STANDARD	AES256	runs/diana-hrd/diana-wgs-hrd-20260716T033101Z/early-look/early-look-intersected-20260716T150517Z/artifacts/coverage_cnv/chr7.bed	https://diana-omics-results-172630973301-us-east-1.s3.us-east-1.amazonaws.com/runs/diana-hrd/diana-wgs-hrd-20260716T033101Z/early-look/early-look-intersected-20260716T150517Z/artifacts/coverage_cnv/chr7.bed
1392	f61c93a89537acec8b2389671a5b6c64	2026-07-16T18:01:14+00:00	STANDARD	AES256	runs/diana-hrd/diana-wgs-hrd-20260716T033101Z/early-look/early-look-intersected-20260716T150517Z/artifacts/coverage_cnv/chr7.bedcov.tsv	https://diana-omics-results-172630973301-us-east-1.s3.us-east-1.amazonaws.com/runs/diana-hrd/diana-wgs-hrd-20260716T033101Z/early-look/early-look-intersected-20260716T150517Z/artifacts/coverage_cnv/chr7.bedcov.tsv
702	6020bd9dbd3d5a531162d5947d1bd18d	2026-07-16T18:01:14+00:00	STANDARD	AES256	runs/diana-hrd/diana-wgs-hrd-20260716T033101Z/early-look/early-look-intersected-20260716T150517Z/artifacts/coverage_cnv/chr8.bed	https://diana-omics-results-172630973301-us-east-1.s3.us-east-1.amazonaws.com/runs/diana-hrd/diana-wgs-hrd-20260716T033101Z/early-look/early-look-intersected-20260716T150517Z/artifacts/coverage_cnv/chr8.bed
1298	b597c0f7376da1aa781533faf44e7375	2026-07-16T18:01:14+00:00	STANDARD	AES256	runs/diana-hrd/diana-wgs-hrd-20260716T033101Z/early-look/early-look-intersected-20260716T150517Z/artifacts/coverage_cnv/chr8.bedcov.tsv	https://diana-omics-results-172630973301-us-east-1.s3.us-east-1.amazonaws.com/runs/diana-hrd/diana-wgs-hrd-20260716T033101Z/early-look/early-look-intersected-20260716T150517Z/artifacts/coverage_cnv/chr8.bedcov.tsv
652	af100240007491608462161e3da47eae	2026-07-16T18:01:14+00:00	STANDARD	AES256	runs/diana-hrd/diana-wgs-hrd-20260716T033101Z/early-look/early-look-intersected-20260716T150517Z/artifacts/coverage_cnv/chr9.bed	https://diana-omics-results-172630973301-us-east-1.s3.us-east-1.amazonaws.com/runs/diana-hrd/diana-wgs-hrd-20260716T033101Z/early-look/early-look-intersected-20260716T150517Z/artifacts/coverage_cnv/chr9.bed
1179	5026dba4de261997f5cef180cd3bf41a	2026-07-16T18:01:14+00:00	STANDARD	AES256	runs/diana-hrd/diana-wgs-hrd-20260716T033101Z/early-look/early-look-intersected-20260716T150517Z/artifacts/coverage_cnv/chr9.bedcov.tsv	https://diana-omics-results-172630973301-us-east-1.s3.us-east-1.amazonaws.com/runs/diana-hrd/diana-wgs-hrd-20260716T033101Z/early-look/early-look-intersected-20260716T150517Z/artifacts/coverage_cnv/chr9.bedcov.tsv
752	c8a44dbdc5162e17de82139411541822	2026-07-16T18:01:14+00:00	STANDARD	AES256	runs/diana-hrd/diana-wgs-hrd-20260716T033101Z/early-look/early-look-intersected-20260716T150517Z/artifacts/coverage_cnv/chrX.bed	https://diana-omics-results-172630973301-us-east-1.s3.us-east-1.amazonaws.com/runs/diana-hrd/diana-wgs-hrd-20260716T033101Z/early-look/early-look-intersected-20260716T150517Z/artifacts/coverage_cnv/chrX.bed
1390	2e30c23720414c1ebb477b95e9312a7d	2026-07-16T18:01:14+00:00	STANDARD	AES256	runs/diana-hrd/diana-wgs-hrd-20260716T033101Z/early-look/early-look-intersected-20260716T150517Z/artifacts/coverage_cnv/chrX.bedcov.tsv	https://diana-omics-results-172630973301-us-east-1.s3.us-east-1.amazonaws.com/runs/diana-hrd/diana-wgs-hrd-20260716T033101Z/early-look/early-look-intersected-20260716T150517Z/artifacts/coverage_cnv/chrX.bedcov.tsv
66214	487d5005a339d004839ca0969205acf2	2026-07-16T18:01:14+00:00	STANDARD	AES256	runs/diana-hrd/diana-wgs-hrd-20260716T033101Z/early-look/early-look-intersected-20260716T150517Z/artifacts/coverage_cnv/coverage_cnv_bins.csv	https://diana-omics-results-172630973301-us-east-1.s3.us-east-1.amazonaws.com/runs/diana-hrd/diana-wgs-hrd-20260716T033101Z/early-look/early-look-intersected-20260716T150517Z/artifacts/coverage_cnv/coverage_cnv_bins.csv
472	f488ad323735baa155b104b0eb9574d6	2026-07-16T18:01:14+00:00	STANDARD	AES256	runs/diana-hrd/diana-wgs-hrd-20260716T033101Z/early-look/early-look-intersected-20260716T150517Z/artifacts/coverage_cnv/coverage_cnv_summary.json	https://diana-omics-results-172630973301-us-east-1.s3.us-east-1.amazonaws.com/runs/diana-hrd/diana-wgs-hrd-20260716T033101Z/early-look/early-look-intersected-20260716T150517Z/artifacts/coverage_cnv/coverage_cnv_summary.json
14693	a01a89470c5b78898685826ab0bc8ca8	2026-07-16T18:01:14+00:00	STANDARD	AES256	runs/diana-hrd/diana-wgs-hrd-20260716T033101Z/early-look/early-look-intersected-20260716T150517Z/artifacts/coverage_cnv/standard_contig_5000000bp_bins.bed	https://diana-omics-results-172630973301-us-east-1.s3.us-east-1.amazonaws.com/runs/diana-hrd/diana-wgs-hrd-20260716T033101Z/early-look/early-look-intersected-20260716T150517Z/artifacts/coverage_cnv/standard_contig_5000000bp_bins.bed
4414	3ae974f7352c97a494461a4e5a20b557	2026-07-16T18:01:14+00:00	STANDARD	AES256	runs/diana-hrd/diana-wgs-hrd-20260716T033101Z/early-look/early-look-intersected-20260716T150517Z/artifacts/early_look_summary.json	https://diana-omics-results-172630973301-us-east-1.s3.us-east-1.amazonaws.com/runs/diana-hrd/diana-wgs-hrd-20260716T033101Z/early-look/early-look-intersected-20260716T150517Z/artifacts/early_look_summary.json
2036	4ada0237415a692c136e0da92b7ed0b5	2026-07-16T18:01:14+00:00	STANDARD	AES256	runs/diana-hrd/diana-wgs-hrd-20260716T033101Z/early-look/early-look-intersected-20260716T150517Z/artifacts/qc/bam_qc_summary.json	https://diana-omics-results-172630973301-us-east-1.s3.us-east-1.amazonaws.com/runs/diana-hrd/diana-wgs-hrd-20260716T033101Z/early-look/early-look-intersected-20260716T150517Z/artifacts/qc/bam_qc_summary.json
679	8159703fd12c5b2e737c36df20036ad7	2026-07-16T18:01:14+00:00	STANDARD	AES256	runs/diana-hrd/diana-wgs-hrd-20260716T033101Z/early-look/early-look-intersected-20260716T150517Z/artifacts/qc/gather.json	https://diana-omics-results-172630973301-us-east-1.s3.us-east-1.amazonaws.com/runs/diana-hrd/diana-wgs-hrd-20260716T033101Z/early-look/early-look-intersected-20260716T150517Z/artifacts/qc/gather.json
573	5dfcd4161f7847c123ff469ff93bbdb2	2026-07-16T18:01:15+00:00	STANDARD	AES256	runs/diana-hrd/diana-wgs-hrd-20260716T033101Z/early-look/early-look-intersected-20260716T150517Z/artifacts/qc/normal.flagstat.txt	https://diana-omics-results-172630973301-us-east-1.s3.us-east-1.amazonaws.com/runs/diana-hrd/diana-wgs-hrd-20260716T033101Z/early-look/early-look-intersected-20260716T150517Z/artifacts/qc/normal.flagstat.txt
558	4f259aafb5a0d1a042c9b90d1ea8d0ea	2026-07-16T18:01:15+00:00	STANDARD	AES256	runs/diana-hrd/diana-wgs-hrd-20260716T033101Z/early-look/early-look-intersected-20260716T150517Z/artifacts/qc/normal.markdup.metrics.txt	https://diana-omics-results-172630973301-us-east-1.s3.us-east-1.amazonaws.com/runs/diana-hrd/diana-wgs-hrd-20260716T033101Z/early-look/early-look-intersected-20260716T150517Z/artifacts/qc/normal.markdup.metrics.txt
574	dc42588bcb9061b07677191556ed84ae	2026-07-16T18:01:15+00:00	STANDARD	AES256	runs/diana-hrd/diana-wgs-hrd-20260716T033101Z/early-look/early-look-intersected-20260716T150517Z/artifacts/qc/tumor.flagstat.txt	https://diana-omics-results-172630973301-us-east-1.s3.us-east-1.amazonaws.com/runs/diana-hrd/diana-wgs-hrd-20260716T033101Z/early-look/early-look-intersected-20260716T150517Z/artifacts/qc/tumor.flagstat.txt
556	81268e4b0039de72472a51b621b7cc87	2026-07-16T18:01:15+00:00	STANDARD	AES256	runs/diana-hrd/diana-wgs-hrd-20260716T033101Z/early-look/early-look-intersected-20260716T150517Z/artifacts/qc/tumor.markdup.metrics.txt	https://diana-omics-results-172630973301-us-east-1.s3.us-east-1.amazonaws.com/runs/diana-hrd/diana-wgs-hrd-20260716T033101Z/early-look/early-look-intersected-20260716T150517Z/artifacts/qc/tumor.markdup.metrics.txt
500	4ec27bfb6d91b7b5f7cf947174978d29	2026-07-16T18:01:06+00:00	STANDARD	AES256	runs/diana-hrd/diana-wgs-hrd-20260716T033101Z/early-look/early-look-intersected-20260716T150517Z/artifacts/README.md	https://diana-omics-results-172630973301-us-east-1.s3.us-east-1.amazonaws.com/runs/diana-hrd/diana-wgs-hrd-20260716T033101Z/early-look/early-look-intersected-20260716T150517Z/artifacts/README.md
76046	10638f1407ec42db986a46354280d4b7	2026-07-16T18:01:15+00:00	STANDARD	AES256	runs/diana-hrd/diana-wgs-hrd-20260716T033101Z/early-look/early-look-intersected-20260716T150517Z/artifacts/variants/core_hrr_all_filtered_variants.csv	https://diana-omics-results-172630973301-us-east-1.s3.us-east-1.amazonaws.com/runs/diana-hrd/diana-wgs-hrd-20260716T033101Z/early-look/early-look-intersected-20260716T150517Z/artifacts/variants/core_hrr_all_filtered_variants.csv
692	668d2e16a1de54305e01acdacbed96ff	2026-07-16T18:01:15+00:00	STANDARD	AES256	runs/diana-hrd/diana-wgs-hrd-20260716T033101Z/early-look/early-look-intersected-20260716T150517Z/artifacts/variants/core_hrr_grch38_gene_spans_plus_100bp.bed	https://diana-omics-results-172630973301-us-east-1.s3.us-east-1.amazonaws.com/runs/diana-hrd/diana-wgs-hrd-20260716T033101Z/early-look/early-look-intersected-20260716T150517Z/artifacts/variants/core_hrr_grch38_gene_spans_plus_100bp.bed
4963	555ffdf744dddcdc531634b54f0b0758	2026-07-16T18:01:15+00:00	STANDARD	AES256	runs/diana-hrd/diana-wgs-hrd-20260716T033101Z/early-look/early-look-intersected-20260716T150517Z/artifacts/variants/core_hrr_pass_variants.csv	https://diana-omics-results-172630973301-us-east-1.s3.us-east-1.amazonaws.com/runs/diana-hrd/diana-wgs-hrd-20260716T033101Z/early-look/early-look-intersected-20260716T150517Z/artifacts/variants/core_hrr_pass_variants.csv
804	ccbb25c9c151c4f5b83f35abe7d17bdf	2026-07-16T18:01:15+00:00	STANDARD	AES256	runs/diana-hrd/diana-wgs-hrd-20260716T033101Z/early-look/early-look-intersected-20260716T150517Z/artifacts/variants/core_hrr_variant_summary.json	https://diana-omics-results-172630973301-us-east-1.s3.us-east-1.amazonaws.com/runs/diana-hrd/diana-wgs-hrd-20260716T033101Z/early-look/early-look-intersected-20260716T150517Z/artifacts/variants/core_hrr_variant_summary.json
72178	98c8745a9394cba5ece4c520a33fd4ce	2026-07-16T18:01:15+00:00	STANDARD	AES256	runs/diana-hrd/diana-wgs-hrd-20260716T033101Z/early-look/early-look-intersected-20260716T150517Z/artifacts/variants/core_hrr.mutect2.f1r2.tar.gz	https://diana-omics-results-172630973301-us-east-1.s3.us-east-1.amazonaws.com/runs/diana-hrd/diana-wgs-hrd-20260716T033101Z/early-look/early-look-intersected-20260716T150517Z/artifacts/variants/core_hrr.mutect2.f1r2.tar.gz
56133	1f2aad83e668c01cd09eb083d0f5e4e7	2026-07-16T18:01:15+00:00	STANDARD	AES256	runs/diana-hrd/diana-wgs-hrd-20260716T033101Z/early-look/early-look-intersected-20260716T150517Z/artifacts/variants/core_hrr.mutect2.filtered.vcf.gz	https://diana-omics-results-172630973301-us-east-1.s3.us-east-1.amazonaws.com/runs/diana-hrd/diana-wgs-hrd-20260716T033101Z/early-look/early-look-intersected-20260716T150517Z/artifacts/variants/core_hrr.mutect2.filtered.vcf.gz
1885	be971001716a6d79c4454ec07f8f7ccb	2026-07-16T18:01:15+00:00	STANDARD	AES256	runs/diana-hrd/diana-wgs-hrd-20260716T033101Z/early-look/early-look-intersected-20260716T150517Z/artifacts/variants/core_hrr.mutect2.filtered.vcf.gz.filteringStats.tsv	https://diana-omics-results-172630973301-us-east-1.s3.us-east-1.amazonaws.com/runs/diana-hrd/diana-wgs-hrd-20260716T033101Z/early-look/early-look-intersected-20260716T150517Z/artifacts/variants/core_hrr.mutect2.filtered.vcf.gz.filteringStats.tsv
2889	87b1da1b2f634dd8a14828e83aa55c61	2026-07-16T18:01:15+00:00	STANDARD	AES256	runs/diana-hrd/diana-wgs-hrd-20260716T033101Z/early-look/early-look-intersected-20260716T150517Z/artifacts/variants/core_hrr.mutect2.filtered.vcf.gz.tbi	https://diana-omics-results-172630973301-us-east-1.s3.us-east-1.amazonaws.com/runs/diana-hrd/diana-wgs-hrd-20260716T033101Z/early-look/early-look-intersected-20260716T150517Z/artifacts/variants/core_hrr.mutect2.filtered.vcf.gz.tbi
49606	71b6b3bedc94379327ce86bd97a66d6e	2026-07-16T18:01:15+00:00	STANDARD	AES256	runs/diana-hrd/diana-wgs-hrd-20260716T033101Z/early-look/early-look-intersected-20260716T150517Z/artifacts/variants/core_hrr.mutect2.unfiltered.vcf.gz	https://diana-omics-results-172630973301-us-east-1.s3.us-east-1.amazonaws.com/runs/diana-hrd/diana-wgs-hrd-20260716T033101Z/early-look/early-look-intersected-20260716T150517Z/artifacts/variants/core_hrr.mutect2.unfiltered.vcf.gz
35	e5d4f5a9167cae8a518b9181f80164b1	2026-07-16T18:01:15+00:00	STANDARD	AES256	runs/diana-hrd/diana-wgs-hrd-20260716T033101Z/early-look/early-look-intersected-20260716T150517Z/artifacts/variants/core_hrr.mutect2.unfiltered.vcf.gz.stats	https://diana-omics-results-172630973301-us-east-1.s3.us-east-1.amazonaws.com/runs/diana-hrd/diana-wgs-hrd-20260716T033101Z/early-look/early-look-intersected-20260716T150517Z/artifacts/variants/core_hrr.mutect2.unfiltered.vcf.gz.stats
3990	7dd0a894c540cbd7ad22c44f81cab9b8	2026-07-16T18:01:15+00:00	STANDARD	AES256	runs/diana-hrd/diana-wgs-hrd-20260716T033101Z/early-look/early-look-intersected-20260716T150517Z/artifacts/variants/core_hrr.mutect2.unfiltered.vcf.gz.tbi	https://diana-omics-results-172630973301-us-east-1.s3.us-east-1.amazonaws.com/runs/diana-hrd/diana-wgs-hrd-20260716T033101Z/early-look/early-look-intersected-20260716T150517Z/artifacts/variants/core_hrr.mutect2.unfiltered.vcf.gz.tbi
4900	f25659dcd97cd7fabab497fa2917c295	2026-07-16T18:01:15+00:00	STANDARD	AES256	runs/diana-hrd/diana-wgs-hrd-20260716T033101Z/early-look/early-look-intersected-20260716T150517Z/artifacts/variants/core_hrr.read_orientation_model.tar.gz	https://diana-omics-results-172630973301-us-east-1.s3.us-east-1.amazonaws.com/runs/diana-hrd/diana-wgs-hrd-20260716T033101Z/early-look/early-look-intersected-20260716T150517Z/artifacts/variants/core_hrr.read_orientation_model.tar.gz
47667	8cc42dde4b398cd0fe3a37df089d1249	2026-07-16T18:10:20+00:00	STANDARD	AES256	runs/diana-hrd/diana-wgs-hrd-20260716T033101Z/early-look/early-look-intersected-20260716T150517Z/handoff/annotations/core_hrr.mutect2.filtered.ensembl116.vcf.gz	https://diana-omics-results-172630973301-us-east-1.s3.us-east-1.amazonaws.com/runs/diana-hrd/diana-wgs-hrd-20260716T033101Z/early-look/early-look-intersected-20260716T150517Z/handoff/annotations/core_hrr.mutect2.filtered.ensembl116.vcf.gz
2926	9140f4a11d85e6afa46692762cd222d2	2026-07-16T18:10:20+00:00	STANDARD	AES256	runs/diana-hrd/diana-wgs-hrd-20260716T033101Z/early-look/early-look-intersected-20260716T150517Z/handoff/annotations/core_hrr.mutect2.filtered.ensembl116.vcf.gz.tbi	https://diana-omics-results-172630973301-us-east-1.s3.us-east-1.amazonaws.com/runs/diana-hrd/diana-wgs-hrd-20260716T033101Z/early-look/early-look-intersected-20260716T150517Z/handoff/annotations/core_hrr.mutect2.filtered.ensembl116.vcf.gz.tbi
13615	40dba9adea57c3bb38d5f6ecc353d05d	2026-07-16T18:26:19+00:00	STANDARD	AES256	runs/diana-hrd/diana-wgs-hrd-20260716T033101Z/early-look/early-look-intersected-20260716T150517Z/handoff/HANDOFF.md	https://diana-omics-results-172630973301-us-east-1.s3.us-east-1.amazonaws.com/runs/diana-hrd/diana-wgs-hrd-20260716T033101Z/early-look/early-look-intersected-20260716T150517Z/handoff/HANDOFF.md
1989	fa8c3b88905692789533c7ea16c26e0c	2026-07-16T18:26:26+00:00	STANDARD	AES256	runs/diana-hrd/diana-wgs-hrd-20260716T033101Z/early-look/early-look-intersected-20260716T150517Z/handoff/INPUT_POINTERS.md	https://diana-omics-results-172630973301-us-east-1.s3.us-east-1.amazonaws.com/runs/diana-hrd/diana-wgs-hrd-20260716T033101Z/early-look/early-look-intersected-20260716T150517Z/handoff/INPUT_POINTERS.md
4690	dbd99b7b35fea4aa097d05eac82bd4d5	2026-07-16T18:26:22+00:00	STANDARD	AES256	runs/diana-hrd/diana-wgs-hrd-20260716T033101Z/early-look/early-look-intersected-20260716T150517Z/handoff/NEXT_STEPS.md	https://diana-omics-results-172630973301-us-east-1.s3.us-east-1.amazonaws.com/runs/diana-hrd/diana-wgs-hrd-20260716T033101Z/early-look/early-look-intersected-20260716T150517Z/handoff/NEXT_STEPS.md
17747	e4478962e5be41a6ef22cda75facd6d6	2026-07-16T18:10:20+00:00	STANDARD	AES256	runs/diana-hrd/diana-wgs-hrd-20260716T033101Z/early-look/early-look-intersected-20260716T150517Z/handoff/provenance/aws_batch_jobs.json	https://diana-omics-results-172630973301-us-east-1.s3.us-east-1.amazonaws.com/runs/diana-hrd/diana-wgs-hrd-20260716T033101Z/early-look/early-look-intersected-20260716T150517Z/handoff/provenance/aws_batch_jobs.json
853614	211e23a882f721df0da89bf592492603	2026-07-16T18:10:20+00:00	STANDARD	AES256	runs/diana-hrd/diana-wgs-hrd-20260716T033101Z/early-look/early-look-intersected-20260716T150517Z/handoff/provenance/cloudwatch_early_look_log.json	https://diana-omics-results-172630973301-us-east-1.s3.us-east-1.amazonaws.com/runs/diana-hrd/diana-wgs-hrd-20260716T033101Z/early-look/early-look-intersected-20260716T150517Z/handoff/provenance/cloudwatch_early_look_log.json
436740	182a18971b7213db2ccacc4ef506c0c8	2026-07-16T18:10:20+00:00	STANDARD	AES256	runs/diana-hrd/diana-wgs-hrd-20260716T033101Z/early-look/early-look-intersected-20260716T150517Z/handoff/provenance/cloudwatch_early_look_log.tsv	https://diana-omics-results-172630973301-us-east-1.s3.us-east-1.amazonaws.com/runs/diana-hrd/diana-wgs-hrd-20260716T033101Z/early-look/early-look-intersected-20260716T150517Z/handoff/provenance/cloudwatch_early_look_log.tsv
25953	fac18248594fb8f4e586ed70bf09de87	2026-07-16T18:10:20+00:00	STANDARD	AES256	runs/diana-hrd/diana-wgs-hrd-20260716T033101Z/early-look/early-look-intersected-20260716T150517Z/handoff/provenance/diana_hrd_early_look_worker.py	https://diana-omics-results-172630973301-us-east-1.s3.us-east-1.amazonaws.com/runs/diana-hrd/diana-wgs-hrd-20260716T033101Z/early-look/early-look-intersected-20260716T150517Z/handoff/provenance/diana_hrd_early_look_worker.py
39970	5ffe44e33f999b3850b479a941e9b078	2026-07-16T18:10:20+00:00	STANDARD	AES256	runs/diana-hrd/diana-wgs-hrd-20260716T033101Z/early-look/early-look-intersected-20260716T150517Z/handoff/provenance/diana_hrd_wgs_worker.py	https://diana-omics-results-172630973301-us-east-1.s3.us-east-1.amazonaws.com/runs/diana-hrd/diana-wgs-hrd-20260716T033101Z/early-look/early-look-intersected-20260716T150517Z/handoff/provenance/diana_hrd_wgs_worker.py
20952	5bc10cc06ba47bb50041f593e0e33fe2	2026-07-16T18:10:20+00:00	STANDARD	AES256	runs/diana-hrd/diana-wgs-hrd-20260716T033101Z/early-look/early-look-intersected-20260716T150517Z/handoff/provenance/s3_artifact_inventory.txt	https://diana-omics-results-172630973301-us-east-1.s3.us-east-1.amazonaws.com/runs/diana-hrd/diana-wgs-hrd-20260716T033101Z/early-look/early-look-intersected-20260716T150517Z/handoff/provenance/s3_artifact_inventory.txt
3137	75f0c78ef50580d02de8e7e7acbfc55d	2026-07-16T18:26:29+00:00	STANDARD	AES256	runs/diana-hrd/diana-wgs-hrd-20260716T033101Z/early-look/early-look-intersected-20260716T150517Z/handoff/PUBLIC_DATA.md	https://diana-omics-results-172630973301-us-east-1.s3.us-east-1.amazonaws.com/runs/diana-hrd/diana-wgs-hrd-20260716T033101Z/early-look/early-look-intersected-20260716T150517Z/handoff/PUBLIC_DATA.md
2510	1090ce0a7e979dd601e1f48f4c3668c2	2026-07-16T18:26:14+00:00	STANDARD	AES256	runs/diana-hrd/diana-wgs-hrd-20260716T033101Z/early-look/early-look-intersected-20260716T150517Z/handoff/README.md	https://diana-omics-results-172630973301-us-east-1.s3.us-east-1.amazonaws.com/runs/diana-hrd/diana-wgs-hrd-20260716T033101Z/early-look/early-look-intersected-20260716T150517Z/handoff/README.md
186879	13501745f3c88f04827e5a834bd5c547	2026-07-16T18:10:20+00:00	STANDARD	AES256	runs/diana-hrd/diana-wgs-hrd-20260716T033101Z/early-look/early-look-intersected-20260716T150517Z/handoff/references/ClinVar_VCV000052500.49_2026-07-16.html	https://diana-omics-results-172630973301-us-east-1.s3.us-east-1.amazonaws.com/runs/diana-hrd/diana-wgs-hrd-20260716T033101Z/early-look/early-look-intersected-20260716T150517Z/handoff/references/ClinVar_VCV000052500.49_2026-07-16.html
500251	ba3ac55c3cb1d498ae0ce4c936194286	2026-07-16T18:10:20+00:00	STANDARD	AES256	runs/diana-hrd/diana-wgs-hrd-20260716T033101Z/early-look/early-look-intersected-20260716T150517Z/handoff/references/ClinVar_VCV000091668.48_2026-07-16.html	https://diana-omics-results-172630973301-us-east-1.s3.us-east-1.amazonaws.com/runs/diana-hrd/diana-wgs-hrd-20260716T033101Z/early-look/early-look-intersected-20260716T150517Z/handoff/references/ClinVar_VCV000091668.48_2026-07-16.html
6159	00874ab2bd3654199e2783be267e3cc3	2026-07-16T18:10:20+00:00	STANDARD	AES256	runs/diana-hrd/diana-wgs-hrd-20260716T033101Z/early-look/early-look-intersected-20260716T150517Z/handoff/references/Ensembl_release_116_CHECKSUMS	https://diana-omics-results-172630973301-us-east-1.s3.us-east-1.amazonaws.com/runs/diana-hrd/diana-wgs-hrd-20260716T033101Z/early-look/early-look-intersected-20260716T150517Z/handoff/references/Ensembl_release_116_CHECKSUMS
108378077	9a19b3853566c40ee04752c7a6b610b6-13	2026-07-16T18:10:20+00:00	STANDARD	AES256	runs/diana-hrd/diana-wgs-hrd-20260716T033101Z/early-look/early-look-intersected-20260716T150517Z/handoff/references/Homo_sapiens.GRCh38.116.gff3.gz	https://diana-omics-results-172630973301-us-east-1.s3.us-east-1.amazonaws.com/runs/diana-hrd/diana-wgs-hrd-20260716T033101Z/early-look/early-look-intersected-20260716T150517Z/handoff/references/Homo_sapiens.GRCh38.116.gff3.gz
928	47937ea853fcdd352905553cba3ef628	2026-07-16T18:26:33+00:00	STANDARD	AES256	runs/diana-hrd/diana-wgs-hrd-20260716T033101Z/early-look/early-look-intersected-20260716T150517Z/handoff/VARIANT_REVIEW.tsv	https://diana-omics-results-172630973301-us-east-1.s3.us-east-1.amazonaws.com/runs/diana-hrd/diana-wgs-hrd-20260716T033101Z/early-look/early-look-intersected-20260716T150517Z/handoff/VARIANT_REVIEW.tsv
17273497	8a242011bc4e36ad9887bd573fce1f63-3	2026-07-16T18:04:45+00:00	STANDARD	AES256	runs/diana-hrd/diana-wgs-hrd-20260716T033101Z/early-look/early-look-intersected-20260716T150517Z/inputs/caller_resources/1000g_pon.hg38.vcf.gz	https://diana-omics-results-172630973301-us-east-1.s3.us-east-1.amazonaws.com/runs/diana-hrd/diana-wgs-hrd-20260716T033101Z/early-look/early-look-intersected-20260716T150517Z/inputs/caller_resources/1000g_pon.hg38.vcf.gz
1534802	b95230d6634c3926fb0b4f104518a0f5	2026-07-16T18:04:45+00:00	STANDARD	AES256	runs/diana-hrd/diana-wgs-hrd-20260716T033101Z/early-look/early-look-intersected-20260716T150517Z/inputs/caller_resources/1000g_pon.hg38.vcf.gz.tbi	https://diana-omics-results-172630973301-us-east-1.s3.us-east-1.amazonaws.com/runs/diana-hrd/diana-wgs-hrd-20260716T033101Z/early-look/early-look-intersected-20260716T150517Z/inputs/caller_resources/1000g_pon.hg38.vcf.gz.tbi
202	a2ad2535a612459a3412397bce0f854b	2026-07-16T18:04:45+00:00	STANDARD	AES256	runs/diana-hrd/diana-wgs-hrd-20260716T033101Z/early-look/early-look-intersected-20260716T150517Z/inputs/caller_resources/af-only-gnomad.hg38.sha256	https://diana-omics-results-172630973301-us-east-1.s3.us-east-1.amazonaws.com/runs/diana-hrd/diana-wgs-hrd-20260716T033101Z/early-look/early-look-intersected-20260716T150517Z/inputs/caller_resources/af-only-gnomad.hg38.sha256
3184275189	e2a0429c5f8c5dc762a04cf60a222c5d-380	2026-07-16T18:04:48+00:00	STANDARD	AES256	runs/diana-hrd/diana-wgs-hrd-20260716T033101Z/early-look/early-look-intersected-20260716T150517Z/inputs/caller_resources/af-only-gnomad.hg38.vcf.gz	https://diana-omics-results-172630973301-us-east-1.s3.us-east-1.amazonaws.com/runs/diana-hrd/diana-wgs-hrd-20260716T033101Z/early-look/early-look-intersected-20260716T150517Z/inputs/caller_resources/af-only-gnomad.hg38.vcf.gz
2443190	a7efccb1519f046c19cdf9f28559d747	2026-07-16T18:04:45+00:00	STANDARD	AES256	runs/diana-hrd/diana-wgs-hrd-20260716T033101Z/early-look/early-look-intersected-20260716T150517Z/inputs/caller_resources/af-only-gnomad.hg38.vcf.gz.tbi	https://diana-omics-results-172630973301-us-east-1.s3.us-east-1.amazonaws.com/runs/diana-hrd/diana-wgs-hrd-20260716T033101Z/early-look/early-look-intersected-20260716T150517Z/inputs/caller_resources/af-only-gnomad.hg38.vcf.gz.tbi
515271436	5045bb536cd70c57346f208405d686c1-62	2026-07-16T18:04:45+00:00	STANDARD	AES256	runs/diana-hrd/diana-wgs-hrd-20260716T033101Z/early-look/early-look-intersected-20260716T150517Z/inputs/caller_resources/common_biallelic.hg38.vcf	https://diana-omics-results-172630973301-us-east-1.s3.us-east-1.amazonaws.com/runs/diana-hrd/diana-wgs-hrd-20260716T033101Z/early-look/early-look-intersected-20260716T150517Z/inputs/caller_resources/common_biallelic.hg38.vcf
11954404	030a5b2d26445469e274d2219b62a705-2	2026-07-16T18:05:07+00:00	STANDARD	AES256	runs/diana-hrd/diana-wgs-hrd-20260716T033101Z/early-look/early-look-intersected-20260716T150517Z/inputs/caller_resources/common_biallelic.hg38.vcf.idx	https://diana-omics-results-172630973301-us-east-1.s3.us-east-1.amazonaws.com/runs/diana-hrd/diana-wgs-hrd-20260716T033101Z/early-look/early-look-intersected-20260716T150517Z/inputs/caller_resources/common_biallelic.hg38.vcf.idx
39970	5ffe44e33f999b3850b479a941e9b078	2026-07-16T18:04:45+00:00	STANDARD	AES256	runs/diana-hrd/diana-wgs-hrd-20260716T033101Z/early-look/early-look-intersected-20260716T150517Z/inputs/caller_resources/diana_hrd_wgs_worker.py	https://diana-omics-results-172630973301-us-east-1.s3.us-east-1.amazonaws.com/runs/diana-hrd/diana-wgs-hrd-20260716T033101Z/early-look/early-look-intersected-20260716T150517Z/inputs/caller_resources/diana_hrd_wgs_worker.py
24967	5f0aea3f9e0fe6f8fed54fd3dd6c993f	2026-07-16T18:04:45+00:00	STANDARD	AES256	runs/diana-hrd/diana-wgs-hrd-20260716T033101Z/early-look/early-look-intersected-20260716T150517Z/inputs/caller_resources/early-look-20260716T143646Z-worker.py	https://diana-omics-results-172630973301-us-east-1.s3.us-east-1.amazonaws.com/runs/diana-hrd/diana-wgs-hrd-20260716T033101Z/early-look/early-look-intersected-20260716T150517Z/inputs/caller_resources/early-look-20260716T143646Z-worker.py
25953	fac18248594fb8f4e586ed70bf09de87	2026-07-16T18:04:45+00:00	STANDARD	AES256	runs/diana-hrd/diana-wgs-hrd-20260716T033101Z/early-look/early-look-intersected-20260716T150517Z/inputs/caller_resources/early-look-intersected-20260716T150517Z-worker.py	https://diana-omics-results-172630973301-us-east-1.s3.us-east-1.amazonaws.com/runs/diana-hrd/diana-wgs-hrd-20260716T033101Z/early-look/early-look-intersected-20260716T150517Z/inputs/caller_resources/early-look-intersected-20260716T150517Z-worker.py
25886	62295f4c1597e07a10ee7a3003220774	2026-07-16T18:04:45+00:00	STANDARD	AES256	runs/diana-hrd/diana-wgs-hrd-20260716T033101Z/early-look/early-look-intersected-20260716T150517Z/inputs/caller_resources/early-look-scattered-20260716T145439Z-worker.py	https://diana-omics-results-172630973301-us-east-1.s3.us-east-1.amazonaws.com/runs/diana-hrd/diana-wgs-hrd-20260716T033101Z/early-look/early-look-intersected-20260716T150517Z/inputs/caller_resources/early-look-scattered-20260716T145439Z-worker.py
425767494	7e7136cfe62b62094035dd841b876338-51	2026-07-16T18:05:07+00:00	STANDARD	AES256	runs/diana-hrd/diana-wgs-hrd-20260716T033101Z/early-look/early-look-intersected-20260716T150517Z/inputs/caller_resources/gatk-package-4.6.2.0-local.jar	https://diana-omics-results-172630973301-us-east-1.s3.us-east-1.amazonaws.com/runs/diana-hrd/diana-wgs-hrd-20260716T033101Z/early-look/early-look-intersected-20260716T150517Z/inputs/caller_resources/gatk-package-4.6.2.0-local.jar
90	8750381b86bce205c20234ea1b2ff0b5	2026-07-16T18:04:45+00:00	STANDARD	AES256	runs/diana-hrd/diana-wgs-hrd-20260716T033101Z/early-look/early-look-intersected-20260716T150517Z/inputs/reference/brca_chr13_chr17_smoke.bed	https://diana-omics-results-172630973301-us-east-1.s3.us-east-1.amazonaws.com/runs/diana-hrd/diana-wgs-hrd-20260716T033101Z/early-look/early-look-intersected-20260716T150517Z/inputs/reference/brca_chr13_chr17_smoke.bed
949157663	652c74d17ffe0231c61d53df24efd955-114	2026-07-16T18:04:45+00:00	STANDARD	AES256	runs/diana-hrd/diana-wgs-hrd-20260716T033101Z/early-look/early-look-intersected-20260716T150517Z/inputs/reference/hg38.analysisSet.fa.gz	https://diana-omics-results-172630973301-us-east-1.s3.us-east-1.amazonaws.com/runs/diana-hrd/diana-wgs-hrd-20260716T033101Z/early-look/early-look-intersected-20260716T150517Z/inputs/reference/hg38.analysisSet.fa.gz
40586	5e2049a19e07e57da35b3f317d01573e	2026-07-16T18:04:45+00:00	STANDARD	AES256	runs/diana-hrd/diana-wgs-hrd-20260716T033101Z/early-look/early-look-intersected-20260716T150517Z/inputs/reference/ucsc_hg38_analysis_set_full.dict	https://diana-omics-results-172630973301-us-east-1.s3.us-east-1.amazonaws.com/runs/diana-hrd/diana-wgs-hrd-20260716T033101Z/early-look/early-look-intersected-20260716T150517Z/inputs/reference/ucsc_hg38_analysis_set_full.dict
3161924569	0a2285190874f6d6c8735a16a4445547-377	2026-07-16T18:05:16+00:00	STANDARD	AES256	runs/diana-hrd/diana-wgs-hrd-20260716T033101Z/early-look/early-look-intersected-20260716T150517Z/inputs/reference/ucsc_hg38_analysis_set_full.fa	https://diana-omics-results-172630973301-us-east-1.s3.us-east-1.amazonaws.com/runs/diana-hrd/diana-wgs-hrd-20260716T033101Z/early-look/early-look-intersected-20260716T150517Z/inputs/reference/ucsc_hg38_analysis_set_full.fa
171935	87eb34f5d60734e4271d4ce6eea5e9f3	2026-07-16T18:04:45+00:00	STANDARD	AES256	runs/diana-hrd/diana-wgs-hrd-20260716T033101Z/early-look/early-look-intersected-20260716T150517Z/inputs/reference/ucsc_hg38_analysis_set_full.fa.amb	https://diana-omics-results-172630973301-us-east-1.s3.us-east-1.amazonaws.com/runs/diana-hrd/diana-wgs-hrd-20260716T033101Z/early-look/early-look-intersected-20260716T150517Z/inputs/reference/ucsc_hg38_analysis_set_full.fa.amb
8823	b5e8b22503f60b1fa7ef8c163f00525f	2026-07-16T18:04:45+00:00	STANDARD	AES256	runs/diana-hrd/diana-wgs-hrd-20260716T033101Z/early-look/early-look-intersected-20260716T150517Z/inputs/reference/ucsc_hg38_analysis_set_full.fa.ann	https://diana-omics-results-172630973301-us-east-1.s3.us-east-1.amazonaws.com/runs/diana-hrd/diana-wgs-hrd-20260716T033101Z/early-look/early-look-intersected-20260716T150517Z/inputs/reference/ucsc_hg38_analysis_set_full.fa.ann
3099922624	7b6d2572a33db5de685d7c47d1f09c9c-370	2026-07-16T18:04:59+00:00	STANDARD	AES256	runs/diana-hrd/diana-wgs-hrd-20260716T033101Z/early-look/early-look-intersected-20260716T150517Z/inputs/reference/ucsc_hg38_analysis_set_full.fa.bwt	https://diana-omics-results-172630973301-us-east-1.s3.us-east-1.amazonaws.com/runs/diana-hrd/diana-wgs-hrd-20260716T033101Z/early-look/early-look-intersected-20260716T150517Z/inputs/reference/ucsc_hg38_analysis_set_full.fa.bwt
7802	21c231505302540955f53798a4f4c84d	2026-07-16T18:04:45+00:00	STANDARD	AES256	runs/diana-hrd/diana-wgs-hrd-20260716T033101Z/early-look/early-look-intersected-20260716T150517Z/inputs/reference/ucsc_hg38_analysis_set_full.fa.fai	https://diana-omics-results-172630973301-us-east-1.s3.us-east-1.amazonaws.com/runs/diana-hrd/diana-wgs-hrd-20260716T033101Z/early-look/early-look-intersected-20260716T150517Z/inputs/reference/ucsc_hg38_analysis_set_full.fa.fai
774980637	0ec9eb83dcac1d68662679444b57de31-93	2026-07-16T18:05:32+00:00	STANDARD	AES256	runs/diana-hrd/diana-wgs-hrd-20260716T033101Z/early-look/early-look-intersected-20260716T150517Z/inputs/reference/ucsc_hg38_analysis_set_full.fa.pac	https://diana-omics-results-172630973301-us-east-1.s3.us-east-1.amazonaws.com/runs/diana-hrd/diana-wgs-hrd-20260716T033101Z/early-look/early-look-intersected-20260716T150517Z/inputs/reference/ucsc_hg38_analysis_set_full.fa.pac
1549961320	74f3f1c2670cf8c8c59dbb017a3e80ec-185	2026-07-16T18:04:50+00:00	STANDARD	AES256	runs/diana-hrd/diana-wgs-hrd-20260716T033101Z/early-look/early-look-intersected-20260716T150517Z/inputs/reference/ucsc_hg38_analysis_set_full.fa.sa	https://diana-omics-results-172630973301-us-east-1.s3.us-east-1.amazonaws.com/runs/diana-hrd/diana-wgs-hrd-20260716T033101Z/early-look/early-look-intersected-20260716T150517Z/inputs/reference/ucsc_hg38_analysis_set_full.fa.sa
679	8159703fd12c5b2e737c36df20036ad7	2026-07-16T18:04:45+00:00	STANDARD	AES256	runs/diana-hrd/diana-wgs-hrd-20260716T033101Z/early-look/early-look-intersected-20260716T150517Z/inputs/validated_bams/gather.json	https://diana-omics-results-172630973301-us-east-1.s3.us-east-1.amazonaws.com/runs/diana-hrd/diana-wgs-hrd-20260716T033101Z/early-look/early-look-intersected-20260716T150517Z/inputs/validated_bams/gather.json
573	5dfcd4161f7847c123ff469ff93bbdb2	2026-07-16T18:04:45+00:00	STANDARD	AES256	runs/diana-hrd/diana-wgs-hrd-20260716T033101Z/early-look/early-look-intersected-20260716T150517Z/inputs/validated_bams/normal.flagstat.txt	https://diana-omics-results-172630973301-us-east-1.s3.us-east-1.amazonaws.com/runs/diana-hrd/diana-wgs-hrd-20260716T033101Z/early-look/early-look-intersected-20260716T150517Z/inputs/validated_bams/normal.flagstat.txt
12205	64c52dccedd779b3f416c28724145a5c	2026-07-16T18:04:45+00:00	STANDARD	AES256	runs/diana-hrd/diana-wgs-hrd-20260716T033101Z/early-look/early-look-intersected-20260716T150517Z/inputs/validated_bams/normal.header.sam	https://diana-omics-results-172630973301-us-east-1.s3.us-east-1.amazonaws.com/runs/diana-hrd/diana-wgs-hrd-20260716T033101Z/early-look/early-look-intersected-20260716T150517Z/inputs/validated_bams/normal.header.sam
55978126326	8f1dc3b07e7e98c85177fafd5e17c1eb-6674	2026-07-16T18:04:45+00:00	STANDARD	AES256	runs/diana-hrd/diana-wgs-hrd-20260716T033101Z/early-look/early-look-intersected-20260716T150517Z/inputs/validated_bams/normal.markdup.bam	https://diana-omics-results-172630973301-us-east-1.s3.us-east-1.amazonaws.com/runs/diana-hrd/diana-wgs-hrd-20260716T033101Z/early-look/early-look-intersected-20260716T150517Z/inputs/validated_bams/normal.markdup.bam
8974736	2cf1f5bafa7af24be82513221d48fe17-2	2026-07-16T18:05:34+00:00	STANDARD	AES256	runs/diana-hrd/diana-wgs-hrd-20260716T033101Z/early-look/early-look-intersected-20260716T150517Z/inputs/validated_bams/normal.markdup.bam.bai	https://diana-omics-results-172630973301-us-east-1.s3.us-east-1.amazonaws.com/runs/diana-hrd/diana-wgs-hrd-20260716T033101Z/early-look/early-look-intersected-20260716T150517Z/inputs/validated_bams/normal.markdup.bam.bai
558	4f259aafb5a0d1a042c9b90d1ea8d0ea	2026-07-16T18:04:45+00:00	STANDARD	AES256	runs/diana-hrd/diana-wgs-hrd-20260716T033101Z/early-look/early-look-intersected-20260716T150517Z/inputs/validated_bams/normal.markdup.metrics.txt	https://diana-omics-results-172630973301-us-east-1.s3.us-east-1.amazonaws.com/runs/diana-hrd/diana-wgs-hrd-20260716T033101Z/early-look/early-look-intersected-20260716T150517Z/inputs/validated_bams/normal.markdup.metrics.txt
574	dc42588bcb9061b07677191556ed84ae	2026-07-16T18:04:45+00:00	STANDARD	AES256	runs/diana-hrd/diana-wgs-hrd-20260716T033101Z/early-look/early-look-intersected-20260716T150517Z/inputs/validated_bams/tumor.flagstat.txt	https://diana-omics-results-172630973301-us-east-1.s3.us-east-1.amazonaws.com/runs/diana-hrd/diana-wgs-hrd-20260716T033101Z/early-look/early-look-intersected-20260716T150517Z/inputs/validated_bams/tumor.flagstat.txt
12157	ae0889cd4a50aeeb99452748763b0513	2026-07-16T18:04:45+00:00	STANDARD	AES256	runs/diana-hrd/diana-wgs-hrd-20260716T033101Z/early-look/early-look-intersected-20260716T150517Z/inputs/validated_bams/tumor.header.sam	https://diana-omics-results-172630973301-us-east-1.s3.us-east-1.amazonaws.com/runs/diana-hrd/diana-wgs-hrd-20260716T033101Z/early-look/early-look-intersected-20260716T150517Z/inputs/validated_bams/tumor.header.sam
51081679103	bb415f6914d254906d5c200cd3e233ed-6090	2026-07-16T18:05:34+00:00	STANDARD	AES256	runs/diana-hrd/diana-wgs-hrd-20260716T033101Z/early-look/early-look-intersected-20260716T150517Z/inputs/validated_bams/tumor.markdup.bam	https://diana-omics-results-172630973301-us-east-1.s3.us-east-1.amazonaws.com/runs/diana-hrd/diana-wgs-hrd-20260716T033101Z/early-look/early-look-intersected-20260716T150517Z/inputs/validated_bams/tumor.markdup.bam
9093656	93fbace6dc11de207c69d4e1f04fb387-2	2026-07-16T18:05:34+00:00	STANDARD	AES256	runs/diana-hrd/diana-wgs-hrd-20260716T033101Z/early-look/early-look-intersected-20260716T150517Z/inputs/validated_bams/tumor.markdup.bam.bai	https://diana-omics-results-172630973301-us-east-1.s3.us-east-1.amazonaws.com/runs/diana-hrd/diana-wgs-hrd-20260716T033101Z/early-look/early-look-intersected-20260716T150517Z/inputs/validated_bams/tumor.markdup.bam.bai
556	81268e4b0039de72472a51b621b7cc87	2026-07-16T18:04:45+00:00	STANDARD	AES256	runs/diana-hrd/diana-wgs-hrd-20260716T033101Z/early-look/early-look-intersected-20260716T150517Z/inputs/validated_bams/tumor.markdup.metrics.txt	https://diana-omics-results-172630973301-us-east-1.s3.us-east-1.amazonaws.com/runs/diana-hrd/diana-wgs-hrd-20260716T033101Z/early-look/early-look-intersected-20260716T150517Z/inputs/validated_bams/tumor.markdup.metrics.txt
